row_idx,seed,prompt,response,timestamp
0,93187,"[{""role"": ""system"", ""content"": ""Background: A Reddit user (CallSign_Fjor) posts in r/gaming that their friends lose interest in finishing Terraria and other games whenever the user progresses farther, even though the user avoids using end-game gear and shares resources. The post asks why some players feel 'invalidated' by someone elseâ€™s faster progression.\n\nThread starter messages:\n- What's up with people not wanting to play a game because someone else has progressed further?\n\nYou are an annotation assistant for a research project on computer-mediated communication (CMC).\nYour task is to read **a single utterance in context** and assign the correct **communicative-act label** from the taxonomy developed by **Herring, Das, and Penumarthy (2005)**, revised in **2024** by **Herring and Ge-Stadnyk**.\n\n---\n\n## ğŸ§¾ Background Story\n\nThe utterances come from informal discussions among Reddit users commenting on a post in a gaming-related subreddit. The original post typically describes a social conflict involving shared gameplay expectations, such as differing progression speeds, mismatched availability, or perceived unfairness in group dynamics.\n\nYou are shown a **target utterance**, along with its **immediate context** (the prior and next utterances when available). These interactions often include sarcasm, support, disagreement, or attempts to clarify, and your job is to label the **target utterance** accordingly.\n\n---\n\n## âœ³ï¸ CMC Communicativeâ€‘Act Labels (18 total)\n\nUse the following definitions and examples to identify the most appropriate label for each utterance:\n\n| Act | Explanation | Example(s) |\n|-----|-------------|------------|\n| **Accept** | Concur, agree, acquiesce | â€œYes, I agree.â€ |\n| **Apologize** | Humble oneself, self-deprecate | â€œOops, my fault :(â€ |\n| **Behave** | Call attention to social norms or expectations | *(No example yet; flag if spotted)* |\n| **Claim** | Make a subjective assertion; unverifiable in principle | â€œI love pizza!â€ |\n| **Congratulate** | Express praise or good wishes for achievement | â€œGood luck, gamer.â€ |\n| **Desire** | Express want, hope, speculation, counterfactual, or promise | â€œI wish I could go with you.â€ |\n| **Direct** | Attempt to cause action (require, prohibit, permit, strongly advise) | â€œCool down.â€ |\n| **Elaborate** | Explain or paraphrase a previous utterance (usually one's own) | â€œ(I canâ€™t fake illâ€¦) Mumâ€™s a teacher.â€ |\n| **Greet** | Greeting, leave-taking, well-wishing | â€œHi roley!! / How r u?â€ |\n| **Inform** | Provide verifiable (even if untrue) factual information | â€œThe capital of India is New Delhi.â€ |\n| **Inquire** | Seek information | â€œHow long does it take?â€ |\n| **Invite** | Seek participation or acceptance from addressee | â€œLetâ€™s go outside.â€ |\n| **Manage** | Organize, prompt, focus, open/close discussion | â€œOK, letâ€™s get started.â€ |\n| **React** | Show listenership, engagement (positive/negative/neutral) | â€œCool!!â€; â€œEww, ick!â€ |\n| **Reject** | Disagree, dispute, challenge | â€œNo you canâ€™t!â€ |\n| **Repair** | Clarify or correct misunderstanding | â€œDid you mean â€˜school holidayâ€™?â€ |\n| **Request** | Politely seek action | â€œCan you help me find it?â€ |\n| **Thank** | Appreciate, express gratitude | â€œThanks for showing me!â€ |\n\n---\n\n## ğŸª Politeness & Impoliteness Annotation\n\nOnly annotate when a (non-)politeness act is clearly expressed.\n\n### I. Herring (1994)\n\n| Code | Meaning | Example(s) |\n|------|---------|------------|\n| **+P** | Positive politeness (support, compliments, humor, solidarity) | â€” |\n| **+N** | Negative politeness (hedging, apologies, giving options) | â€œI donâ€™t mean to sound cold, butâ€¦â€ |\n| **â€“P** | Violation of positive politeness (mocking, flaming, etc.) | (see Culpeper below) |\n| **â€“N** | Violation of negative politeness (commands, imperatives, intrusive) | â€œSo howâ€™s school, love, family life?â€ |\n\n### II. Culpeper (2011a) Impoliteness Formulae\n*(subtypes of â€“P; specify in brackets)*\n\nExamples include:\n- **â€“P [Insult]**: â€œYou fucking moronâ€\n- **â€“P [Condescension]**: â€œThatâ€™s being babyishâ€\n- **â€“P [Dismissal]**: â€œFuck offâ€\n- **â€“P [Silencer]**: â€œShut the fuck upâ€\n- **â€“P [Threat]**: â€œIâ€™m going to bust your headâ€\n- *(See full list in original)*\n\n---\n\n## ğŸ·ï¸ Meta-Acts\n\n| Tag | Description | Examples |\n|-----|-------------|----------|\n| **[reported]** | Representing another's words or thoughts | â€œThe president said he wants democracy.â€ |\n| **[nonâ€‘bona fide]** | Sarcasm, irony, rhetorical, humor, etc. | â€œHeâ€™s such a genius I canâ€™t stand it.â€ |\n\n> If the reported segment is itself meaningful for act coding, apply the act to it, not the outer clause.\n> If the utterance is sarcastic, code its intended act and add the `[nonâ€‘bona fide]` tag.\n\n---\n\n## ğŸ§  Output Format\n\nEach annotation must be returned **as a single JSON object** like:\n\n~~~\n[ANNOT]{\""act\"":\""<ACT>\"",\""politeness\"":\""<POL>\"",\""meta\"":\""<META>\""}[/ANNOT]\n~~~\n\nIf the user requests **reasoning**, you must think aloud before labeling.\nIn your reasoning:\n\n- Consider 2â€“3 possible communicative acts\n- Narrow down to the 1â€“2 most plausible labels based on **context (prior and next messages)**\n- Test each plausible option against the discourse\n- Select the best-fitting label with justification\n\nWrap your full reasoning block in:\n\n~~~\n[REASON] your reasoning here [/REASON]\n~~~\n\nPlace `[REASON]...[/REASON]` **immediately before** the `[ANNOT]` block.\n\n---\n\n## âœ… Quick Examples\n\n| Utterance | Annotation |\n|----------|------------|\n| â€œExactly this.â€ | Accept +P |\n| â€œYou are such a bitch.â€ | Reject â€“P [Insult] |\n| â€œApparently your friends want to playâ€¦â€ | Claim [reported] |\n| â€œOh yeah, because *that* makes sense.â€ | Reject â€“P [nonâ€‘bona fide] |\n\n---\n\n## ğŸš¦ Procedure\n\n1. **Read in context** â€“ Use the prior and next messages (if available) to interpret the target.\n2. **One act per utterance** â€“ Assign only one primary communicative act.\n3. **Politeness/meta-acts optional** â€“ Add tags only if clearly present.\n4. **Least frequent act preferred** â€“ When in doubt, select the rarer but fitting label.\n\n---\n\nâš ï¸ FORMAT REQUIREMENT âš ï¸\nReturn **only**:\n~~~\n[ANNOT]{\""act\"":\""<ACT>\"",\""politeness\"":\""<POL>\"",\""meta\"":\""<META>\""}[/ANNOT]\n~~~\n\nIf reasoning is requested:\n~~~\n[REASON] your reasoning here [/REASON]\n[ANNOT]{\""act\"":\""<ACT>\"",\""politeness\"":\""<POL>\"",\""meta\"":\""<META>\""}[/ANNOT]\n~~~\n\nNever include any other surrounding text.\n""}, {""role"": ""user"", ""content"": ""UserID: CallSign_Fjor, Gender: , Time: , Utterance#: 1.0\n[PREV] <NONE>\n[TARGET] What's up with people not wanting to play a game because someone else has progressed further?\n[NEXT] <NONE>\n\nThink step-by-step inside [REASON]â€¦[/REASON] before the answer.\nReturn the annotation as one JSON object wrapped EXACTLY like:\n[ANNOT]{\""act\"":\""<ACT>\"",\""politeness\"":\""<POL>\"",\""meta\"":\""<META>\""}[/ANNOT]""}]","[REASON]In this utterance, the speaker is posing a question about a specific behavior they observe in others: people losing interest in a game when someone else progresses further. 

1. **Inquire**: The primary function of the utterance is to seek an explanation or understanding about this behavior. It is structured as a question and is looking for information or opinions from others.

2. **Claim**: Although the speaker presents an observation about people losing interest, the main intent is not to assert this as a fact but to inquire about it. Therefore, ""Claim"" is not the most fitting act here.

3. **Reject**: The question could implicitly challenge or dispute the rationale behind the behavior, but the primary form is an inquiry, not a direct disagreement.

Given the structure and intent of the utterance, ""Inquire"" is the most appropriate label as it seeks information or perspectives from others. There are no clear markers of politeness or meta-acts such as sarcasm or reporting involved in this context. 

Therefore, the most fitting annotation is:
- **Act**: ""Inquire""
- **Politeness**: None
- **Meta**: None[/REASON]
[ANNOT]{""act"":""Inquire"",""politeness"":"""",""meta"":""""}[/ANNOT]",1747373186
1,93187,"[{""role"": ""system"", ""content"": ""Background: A Reddit user (CallSign_Fjor) posts in r/gaming that their friends lose interest in finishing Terraria and other games whenever the user progresses farther, even though the user avoids using end-game gear and shares resources. The post asks why some players feel 'invalidated' by someone elseâ€™s faster progression.\n\nThread starter messages:\n- What's up with people not wanting to play a game because someone else has progressed further?\n\nYou are an annotation assistant for a research project on computer-mediated communication (CMC).\nYour task is to read **a single utterance in context** and assign the correct **communicative-act label** from the taxonomy developed by **Herring, Das, and Penumarthy (2005)**, revised in **2024** by **Herring and Ge-Stadnyk**.\n\n---\n\n## ğŸ§¾ Background Story\n\nThe utterances come from informal discussions among Reddit users commenting on a post in a gaming-related subreddit. The original post typically describes a social conflict involving shared gameplay expectations, such as differing progression speeds, mismatched availability, or perceived unfairness in group dynamics.\n\nYou are shown a **target utterance**, along with its **immediate context** (the prior and next utterances when available). These interactions often include sarcasm, support, disagreement, or attempts to clarify, and your job is to label the **target utterance** accordingly.\n\n---\n\n## âœ³ï¸ CMC Communicativeâ€‘Act Labels (18 total)\n\nUse the following definitions and examples to identify the most appropriate label for each utterance:\n\n| Act | Explanation | Example(s) |\n|-----|-------------|------------|\n| **Accept** | Concur, agree, acquiesce | â€œYes, I agree.â€ |\n| **Apologize** | Humble oneself, self-deprecate | â€œOops, my fault :(â€ |\n| **Behave** | Call attention to social norms or expectations | *(No example yet; flag if spotted)* |\n| **Claim** | Make a subjective assertion; unverifiable in principle | â€œI love pizza!â€ |\n| **Congratulate** | Express praise or good wishes for achievement | â€œGood luck, gamer.â€ |\n| **Desire** | Express want, hope, speculation, counterfactual, or promise | â€œI wish I could go with you.â€ |\n| **Direct** | Attempt to cause action (require, prohibit, permit, strongly advise) | â€œCool down.â€ |\n| **Elaborate** | Explain or paraphrase a previous utterance (usually one's own) | â€œ(I canâ€™t fake illâ€¦) Mumâ€™s a teacher.â€ |\n| **Greet** | Greeting, leave-taking, well-wishing | â€œHi roley!! / How r u?â€ |\n| **Inform** | Provide verifiable (even if untrue) factual information | â€œThe capital of India is New Delhi.â€ |\n| **Inquire** | Seek information | â€œHow long does it take?â€ |\n| **Invite** | Seek participation or acceptance from addressee | â€œLetâ€™s go outside.â€ |\n| **Manage** | Organize, prompt, focus, open/close discussion | â€œOK, letâ€™s get started.â€ |\n| **React** | Show listenership, engagement (positive/negative/neutral) | â€œCool!!â€; â€œEww, ick!â€ |\n| **Reject** | Disagree, dispute, challenge | â€œNo you canâ€™t!â€ |\n| **Repair** | Clarify or correct misunderstanding | â€œDid you mean â€˜school holidayâ€™?â€ |\n| **Request** | Politely seek action | â€œCan you help me find it?â€ |\n| **Thank** | Appreciate, express gratitude | â€œThanks for showing me!â€ |\n\n---\n\n## ğŸª Politeness & Impoliteness Annotation\n\nOnly annotate when a (non-)politeness act is clearly expressed.\n\n### I. Herring (1994)\n\n| Code | Meaning | Example(s) |\n|------|---------|------------|\n| **+P** | Positive politeness (support, compliments, humor, solidarity) | â€” |\n| **+N** | Negative politeness (hedging, apologies, giving options) | â€œI donâ€™t mean to sound cold, butâ€¦â€ |\n| **â€“P** | Violation of positive politeness (mocking, flaming, etc.) | (see Culpeper below) |\n| **â€“N** | Violation of negative politeness (commands, imperatives, intrusive) | â€œSo howâ€™s school, love, family life?â€ |\n\n### II. Culpeper (2011a) Impoliteness Formulae\n*(subtypes of â€“P; specify in brackets)*\n\nExamples include:\n- **â€“P [Insult]**: â€œYou fucking moronâ€\n- **â€“P [Condescension]**: â€œThatâ€™s being babyishâ€\n- **â€“P [Dismissal]**: â€œFuck offâ€\n- **â€“P [Silencer]**: â€œShut the fuck upâ€\n- **â€“P [Threat]**: â€œIâ€™m going to bust your headâ€\n- *(See full list in original)*\n\n---\n\n## ğŸ·ï¸ Meta-Acts\n\n| Tag | Description | Examples |\n|-----|-------------|----------|\n| **[reported]** | Representing another's words or thoughts | â€œThe president said he wants democracy.â€ |\n| **[nonâ€‘bona fide]** | Sarcasm, irony, rhetorical, humor, etc. | â€œHeâ€™s such a genius I canâ€™t stand it.â€ |\n\n> If the reported segment is itself meaningful for act coding, apply the act to it, not the outer clause.\n> If the utterance is sarcastic, code its intended act and add the `[nonâ€‘bona fide]` tag.\n\n---\n\n## ğŸ§  Output Format\n\nEach annotation must be returned **as a single JSON object** like:\n\n~~~\n[ANNOT]{\""act\"":\""<ACT>\"",\""politeness\"":\""<POL>\"",\""meta\"":\""<META>\""}[/ANNOT]\n~~~\n\nIf the user requests **reasoning**, you must think aloud before labeling.\nIn your reasoning:\n\n- Consider 2â€“3 possible communicative acts\n- Narrow down to the 1â€“2 most plausible labels based on **context (prior and next messages)**\n- Test each plausible option against the discourse\n- Select the best-fitting label with justification\n\nWrap your full reasoning block in:\n\n~~~\n[REASON] your reasoning here [/REASON]\n~~~\n\nPlace `[REASON]...[/REASON]` **immediately before** the `[ANNOT]` block.\n\n---\n\n## âœ… Quick Examples\n\n| Utterance | Annotation |\n|----------|------------|\n| â€œExactly this.â€ | Accept +P |\n| â€œYou are such a bitch.â€ | Reject â€“P [Insult] |\n| â€œApparently your friends want to playâ€¦â€ | Claim [reported] |\n| â€œOh yeah, because *that* makes sense.â€ | Reject â€“P [nonâ€‘bona fide] |\n\n---\n\n## ğŸš¦ Procedure\n\n1. **Read in context** â€“ Use the prior and next messages (if available) to interpret the target.\n2. **One act per utterance** â€“ Assign only one primary communicative act.\n3. **Politeness/meta-acts optional** â€“ Add tags only if clearly present.\n4. **Least frequent act preferred** â€“ When in doubt, select the rarer but fitting label.\n\n---\n\nâš ï¸ FORMAT REQUIREMENT âš ï¸\nReturn **only**:\n~~~\n[ANNOT]{\""act\"":\""<ACT>\"",\""politeness\"":\""<POL>\"",\""meta\"":\""<META>\""}[/ANNOT]\n~~~\n\nIf reasoning is requested:\n~~~\n[REASON] your reasoning here [/REASON]\n[ANNOT]{\""act\"":\""<ACT>\"",\""politeness\"":\""<POL>\"",\""meta\"":\""<META>\""}[/ANNOT]\n~~~\n\nNever include any other surrounding text.\n""}, {""role"": ""user"", ""content"": ""UserID: CallSign_Fjor, Gender: , Time: , Utterance#: 1.0\n[PREV] <NONE>\n[TARGET] Recently playing terraria with friends. They were moving a bit slow so I started a single player world and finished it. When I went back to play with friends I used none of my new gear and only used what would be available. I had a bunch of extra summons so everyone could get stuff from the bosses we were killing and someone noted that I had extra stuff (the summons). When I told them I went and beat the game in single player, three of them were immediately uninterested in finishing and haven't joined back on. It's been a week and their excuse is that I've already explored everything and beat the game.\n[NEXT] <NONE>\n\nThink step-by-step inside [REASON]â€¦[/REASON] before the answer.\nReturn the annotation as one JSON object wrapped EXACTLY like:\n[ANNOT]{\""act\"":\""<ACT>\"",\""politeness\"":\""<POL>\"",\""meta\"":\""<META>\""}[/ANNOT]""}]","[REASON]The target utterance describes a situation where the user, CallSign_Fjor, played a game with friends and progressed further than them by playing a single-player game. Upon returning to the multiplayer game, CallSign_Fjor did not use advanced gear and shared resources, but still, the friends lost interest upon learning that CallSign_Fjor had completed the game.

There are a few potential communicative acts that could be considered here:
1. **Claim**: The user makes a subjective assertion about their friends' reactions and the situation.
2. **Inform**: The user provides factual information about their gameplay and the responses of their friends.
3. **Explain**: The user justifies or provides reasoning for their friends' behavior and their own actions.

In this context, the user's intention seems to be to share their personal experience and observations about their friends' behavior. The focus is on recounting what happened and how the friends reacted after finding out about the user's progress. This aligns closely with the **Claim** act, as the user is making an assertion about their friends' motivations and actions based on their perspective. While some factual information is provided, the overall context is subjective and relates to personal experiences and interpretations, which is consistent with a claim.

Therefore, the most fitting label for this utterance is **Claim**. There is no clear indication of politeness or meta-acts such as sarcasm in the text.

[/REASON]
[ANNOT]{""act"":""Claim"",""politeness"":"""",""meta"":""""}[/ANNOT]",1747373193
2,93187,"[{""role"": ""system"", ""content"": ""Background: A Reddit user (CallSign_Fjor) posts in r/gaming that their friends lose interest in finishing Terraria and other games whenever the user progresses farther, even though the user avoids using end-game gear and shares resources. The post asks why some players feel 'invalidated' by someone elseâ€™s faster progression.\n\nThread starter messages:\n- What's up with people not wanting to play a game because someone else has progressed further?\n\nYou are an annotation assistant for a research project on computer-mediated communication (CMC).\nYour task is to read **a single utterance in context** and assign the correct **communicative-act label** from the taxonomy developed by **Herring, Das, and Penumarthy (2005)**, revised in **2024** by **Herring and Ge-Stadnyk**.\n\n---\n\n## ğŸ§¾ Background Story\n\nThe utterances come from informal discussions among Reddit users commenting on a post in a gaming-related subreddit. The original post typically describes a social conflict involving shared gameplay expectations, such as differing progression speeds, mismatched availability, or perceived unfairness in group dynamics.\n\nYou are shown a **target utterance**, along with its **immediate context** (the prior and next utterances when available). These interactions often include sarcasm, support, disagreement, or attempts to clarify, and your job is to label the **target utterance** accordingly.\n\n---\n\n## âœ³ï¸ CMC Communicativeâ€‘Act Labels (18 total)\n\nUse the following definitions and examples to identify the most appropriate label for each utterance:\n\n| Act | Explanation | Example(s) |\n|-----|-------------|------------|\n| **Accept** | Concur, agree, acquiesce | â€œYes, I agree.â€ |\n| **Apologize** | Humble oneself, self-deprecate | â€œOops, my fault :(â€ |\n| **Behave** | Call attention to social norms or expectations | *(No example yet; flag if spotted)* |\n| **Claim** | Make a subjective assertion; unverifiable in principle | â€œI love pizza!â€ |\n| **Congratulate** | Express praise or good wishes for achievement | â€œGood luck, gamer.â€ |\n| **Desire** | Express want, hope, speculation, counterfactual, or promise | â€œI wish I could go with you.â€ |\n| **Direct** | Attempt to cause action (require, prohibit, permit, strongly advise) | â€œCool down.â€ |\n| **Elaborate** | Explain or paraphrase a previous utterance (usually one's own) | â€œ(I canâ€™t fake illâ€¦) Mumâ€™s a teacher.â€ |\n| **Greet** | Greeting, leave-taking, well-wishing | â€œHi roley!! / How r u?â€ |\n| **Inform** | Provide verifiable (even if untrue) factual information | â€œThe capital of India is New Delhi.â€ |\n| **Inquire** | Seek information | â€œHow long does it take?â€ |\n| **Invite** | Seek participation or acceptance from addressee | â€œLetâ€™s go outside.â€ |\n| **Manage** | Organize, prompt, focus, open/close discussion | â€œOK, letâ€™s get started.â€ |\n| **React** | Show listenership, engagement (positive/negative/neutral) | â€œCool!!â€; â€œEww, ick!â€ |\n| **Reject** | Disagree, dispute, challenge | â€œNo you canâ€™t!â€ |\n| **Repair** | Clarify or correct misunderstanding | â€œDid you mean â€˜school holidayâ€™?â€ |\n| **Request** | Politely seek action | â€œCan you help me find it?â€ |\n| **Thank** | Appreciate, express gratitude | â€œThanks for showing me!â€ |\n\n---\n\n## ğŸª Politeness & Impoliteness Annotation\n\nOnly annotate when a (non-)politeness act is clearly expressed.\n\n### I. Herring (1994)\n\n| Code | Meaning | Example(s) |\n|------|---------|------------|\n| **+P** | Positive politeness (support, compliments, humor, solidarity) | â€” |\n| **+N** | Negative politeness (hedging, apologies, giving options) | â€œI donâ€™t mean to sound cold, butâ€¦â€ |\n| **â€“P** | Violation of positive politeness (mocking, flaming, etc.) | (see Culpeper below) |\n| **â€“N** | Violation of negative politeness (commands, imperatives, intrusive) | â€œSo howâ€™s school, love, family life?â€ |\n\n### II. Culpeper (2011a) Impoliteness Formulae\n*(subtypes of â€“P; specify in brackets)*\n\nExamples include:\n- **â€“P [Insult]**: â€œYou fucking moronâ€\n- **â€“P [Condescension]**: â€œThatâ€™s being babyishâ€\n- **â€“P [Dismissal]**: â€œFuck offâ€\n- **â€“P [Silencer]**: â€œShut the fuck upâ€\n- **â€“P [Threat]**: â€œIâ€™m going to bust your headâ€\n- *(See full list in original)*\n\n---\n\n## ğŸ·ï¸ Meta-Acts\n\n| Tag | Description | Examples |\n|-----|-------------|----------|\n| **[reported]** | Representing another's words or thoughts | â€œThe president said he wants democracy.â€ |\n| **[nonâ€‘bona fide]** | Sarcasm, irony, rhetorical, humor, etc. | â€œHeâ€™s such a genius I canâ€™t stand it.â€ |\n\n> If the reported segment is itself meaningful for act coding, apply the act to it, not the outer clause.\n> If the utterance is sarcastic, code its intended act and add the `[nonâ€‘bona fide]` tag.\n\n---\n\n## ğŸ§  Output Format\n\nEach annotation must be returned **as a single JSON object** like:\n\n~~~\n[ANNOT]{\""act\"":\""<ACT>\"",\""politeness\"":\""<POL>\"",\""meta\"":\""<META>\""}[/ANNOT]\n~~~\n\nIf the user requests **reasoning**, you must think aloud before labeling.\nIn your reasoning:\n\n- Consider 2â€“3 possible communicative acts\n- Narrow down to the 1â€“2 most plausible labels based on **context (prior and next messages)**\n- Test each plausible option against the discourse\n- Select the best-fitting label with justification\n\nWrap your full reasoning block in:\n\n~~~\n[REASON] your reasoning here [/REASON]\n~~~\n\nPlace `[REASON]...[/REASON]` **immediately before** the `[ANNOT]` block.\n\n---\n\n## âœ… Quick Examples\n\n| Utterance | Annotation |\n|----------|------------|\n| â€œExactly this.â€ | Accept +P |\n| â€œYou are such a bitch.â€ | Reject â€“P [Insult] |\n| â€œApparently your friends want to playâ€¦â€ | Claim [reported] |\n| â€œOh yeah, because *that* makes sense.â€ | Reject â€“P [nonâ€‘bona fide] |\n\n---\n\n## ğŸš¦ Procedure\n\n1. **Read in context** â€“ Use the prior and next messages (if available) to interpret the target.\n2. **One act per utterance** â€“ Assign only one primary communicative act.\n3. **Politeness/meta-acts optional** â€“ Add tags only if clearly present.\n4. **Least frequent act preferred** â€“ When in doubt, select the rarer but fitting label.\n\n---\n\nâš ï¸ FORMAT REQUIREMENT âš ï¸\nReturn **only**:\n~~~\n[ANNOT]{\""act\"":\""<ACT>\"",\""politeness\"":\""<POL>\"",\""meta\"":\""<META>\""}[/ANNOT]\n~~~\n\nIf reasoning is requested:\n~~~\n[REASON] your reasoning here [/REASON]\n[ANNOT]{\""act\"":\""<ACT>\"",\""politeness\"":\""<POL>\"",\""meta\"":\""<META>\""}[/ANNOT]\n~~~\n\nNever include any other surrounding text.\n""}, {""role"": ""user"", ""content"": ""UserID: CallSign_Fjor, Gender: , Time: , Utterance#: 1.0\n[PREV] <NONE>\n[TARGET] This isn't the first time this has happened. At one point in Pax Dei I did some extra mining and the player who wanted to be a blacksmith quit because I was also mining and giving them resources. Their stance was that I invalidated them.\n[NEXT] <NONE>\n\nThink step-by-step inside [REASON]â€¦[/REASON] before the answer.\nReturn the annotation as one JSON object wrapped EXACTLY like:\n[ANNOT]{\""act\"":\""<ACT>\"",\""politeness\"":\""<POL>\"",\""meta\"":\""<META>\""}[/ANNOT]""}]","[REASON]The target utterance discusses a past experience where the speaker's actions led to another player feeling invalidated. The key part here is the speaker's recounting of a specific situation in a game where their mining activity caused another player to quit. The speaker explains the other player's perspectiveâ€”that they felt invalidated because the speaker was also mining and providing resources, which encroached on the other player's desired role as a blacksmith. The primary communicative act here is ""Inform,"" as the speaker is providing factual information about a past event and the other player's reaction, which can be verified by the speaker's experience. There's no expression of desire, direct request, or inquiry in this statement. The utterance is straightforward and factual, focusing on recounting a specific incident. Therefore, the best label for this utterance is ""Inform.""[/REASON]
[ANNOT]{""act"":""Inform"",""politeness"":"""",""meta"":""""}[/ANNOT]",1747373200
3,93187,"[{""role"": ""system"", ""content"": ""Background: A Reddit user (CallSign_Fjor) posts in r/gaming that their friends lose interest in finishing Terraria and other games whenever the user progresses farther, even though the user avoids using end-game gear and shares resources. The post asks why some players feel 'invalidated' by someone elseâ€™s faster progression.\n\nThread starter messages:\n- What's up with people not wanting to play a game because someone else has progressed further?\n\nYou are an annotation assistant for a research project on computer-mediated communication (CMC).\nYour task is to read **a single utterance in context** and assign the correct **communicative-act label** from the taxonomy developed by **Herring, Das, and Penumarthy (2005)**, revised in **2024** by **Herring and Ge-Stadnyk**.\n\n---\n\n## ğŸ§¾ Background Story\n\nThe utterances come from informal discussions among Reddit users commenting on a post in a gaming-related subreddit. The original post typically describes a social conflict involving shared gameplay expectations, such as differing progression speeds, mismatched availability, or perceived unfairness in group dynamics.\n\nYou are shown a **target utterance**, along with its **immediate context** (the prior and next utterances when available). These interactions often include sarcasm, support, disagreement, or attempts to clarify, and your job is to label the **target utterance** accordingly.\n\n---\n\n## âœ³ï¸ CMC Communicativeâ€‘Act Labels (18 total)\n\nUse the following definitions and examples to identify the most appropriate label for each utterance:\n\n| Act | Explanation | Example(s) |\n|-----|-------------|------------|\n| **Accept** | Concur, agree, acquiesce | â€œYes, I agree.â€ |\n| **Apologize** | Humble oneself, self-deprecate | â€œOops, my fault :(â€ |\n| **Behave** | Call attention to social norms or expectations | *(No example yet; flag if spotted)* |\n| **Claim** | Make a subjective assertion; unverifiable in principle | â€œI love pizza!â€ |\n| **Congratulate** | Express praise or good wishes for achievement | â€œGood luck, gamer.â€ |\n| **Desire** | Express want, hope, speculation, counterfactual, or promise | â€œI wish I could go with you.â€ |\n| **Direct** | Attempt to cause action (require, prohibit, permit, strongly advise) | â€œCool down.â€ |\n| **Elaborate** | Explain or paraphrase a previous utterance (usually one's own) | â€œ(I canâ€™t fake illâ€¦) Mumâ€™s a teacher.â€ |\n| **Greet** | Greeting, leave-taking, well-wishing | â€œHi roley!! / How r u?â€ |\n| **Inform** | Provide verifiable (even if untrue) factual information | â€œThe capital of India is New Delhi.â€ |\n| **Inquire** | Seek information | â€œHow long does it take?â€ |\n| **Invite** | Seek participation or acceptance from addressee | â€œLetâ€™s go outside.â€ |\n| **Manage** | Organize, prompt, focus, open/close discussion | â€œOK, letâ€™s get started.â€ |\n| **React** | Show listenership, engagement (positive/negative/neutral) | â€œCool!!â€; â€œEww, ick!â€ |\n| **Reject** | Disagree, dispute, challenge | â€œNo you canâ€™t!â€ |\n| **Repair** | Clarify or correct misunderstanding | â€œDid you mean â€˜school holidayâ€™?â€ |\n| **Request** | Politely seek action | â€œCan you help me find it?â€ |\n| **Thank** | Appreciate, express gratitude | â€œThanks for showing me!â€ |\n\n---\n\n## ğŸª Politeness & Impoliteness Annotation\n\nOnly annotate when a (non-)politeness act is clearly expressed.\n\n### I. Herring (1994)\n\n| Code | Meaning | Example(s) |\n|------|---------|------------|\n| **+P** | Positive politeness (support, compliments, humor, solidarity) | â€” |\n| **+N** | Negative politeness (hedging, apologies, giving options) | â€œI donâ€™t mean to sound cold, butâ€¦â€ |\n| **â€“P** | Violation of positive politeness (mocking, flaming, etc.) | (see Culpeper below) |\n| **â€“N** | Violation of negative politeness (commands, imperatives, intrusive) | â€œSo howâ€™s school, love, family life?â€ |\n\n### II. Culpeper (2011a) Impoliteness Formulae\n*(subtypes of â€“P; specify in brackets)*\n\nExamples include:\n- **â€“P [Insult]**: â€œYou fucking moronâ€\n- **â€“P [Condescension]**: â€œThatâ€™s being babyishâ€\n- **â€“P [Dismissal]**: â€œFuck offâ€\n- **â€“P [Silencer]**: â€œShut the fuck upâ€\n- **â€“P [Threat]**: â€œIâ€™m going to bust your headâ€\n- *(See full list in original)*\n\n---\n\n## ğŸ·ï¸ Meta-Acts\n\n| Tag | Description | Examples |\n|-----|-------------|----------|\n| **[reported]** | Representing another's words or thoughts | â€œThe president said he wants democracy.â€ |\n| **[nonâ€‘bona fide]** | Sarcasm, irony, rhetorical, humor, etc. | â€œHeâ€™s such a genius I canâ€™t stand it.â€ |\n\n> If the reported segment is itself meaningful for act coding, apply the act to it, not the outer clause.\n> If the utterance is sarcastic, code its intended act and add the `[nonâ€‘bona fide]` tag.\n\n---\n\n## ğŸ§  Output Format\n\nEach annotation must be returned **as a single JSON object** like:\n\n~~~\n[ANNOT]{\""act\"":\""<ACT>\"",\""politeness\"":\""<POL>\"",\""meta\"":\""<META>\""}[/ANNOT]\n~~~\n\nIf the user requests **reasoning**, you must think aloud before labeling.\nIn your reasoning:\n\n- Consider 2â€“3 possible communicative acts\n- Narrow down to the 1â€“2 most plausible labels based on **context (prior and next messages)**\n- Test each plausible option against the discourse\n- Select the best-fitting label with justification\n\nWrap your full reasoning block in:\n\n~~~\n[REASON] your reasoning here [/REASON]\n~~~\n\nPlace `[REASON]...[/REASON]` **immediately before** the `[ANNOT]` block.\n\n---\n\n## âœ… Quick Examples\n\n| Utterance | Annotation |\n|----------|------------|\n| â€œExactly this.â€ | Accept +P |\n| â€œYou are such a bitch.â€ | Reject â€“P [Insult] |\n| â€œApparently your friends want to playâ€¦â€ | Claim [reported] |\n| â€œOh yeah, because *that* makes sense.â€ | Reject â€“P [nonâ€‘bona fide] |\n\n---\n\n## ğŸš¦ Procedure\n\n1. **Read in context** â€“ Use the prior and next messages (if available) to interpret the target.\n2. **One act per utterance** â€“ Assign only one primary communicative act.\n3. **Politeness/meta-acts optional** â€“ Add tags only if clearly present.\n4. **Least frequent act preferred** â€“ When in doubt, select the rarer but fitting label.\n\n---\n\nâš ï¸ FORMAT REQUIREMENT âš ï¸\nReturn **only**:\n~~~\n[ANNOT]{\""act\"":\""<ACT>\"",\""politeness\"":\""<POL>\"",\""meta\"":\""<META>\""}[/ANNOT]\n~~~\n\nIf reasoning is requested:\n~~~\n[REASON] your reasoning here [/REASON]\n[ANNOT]{\""act\"":\""<ACT>\"",\""politeness\"":\""<POL>\"",\""meta\"":\""<META>\""}[/ANNOT]\n~~~\n\nNever include any other surrounding text.\n""}, {""role"": ""user"", ""content"": ""UserID: CallSign_Fjor, Gender: , Time: , Utterance#: 1.0\n[PREV] <NONE>\n[TARGET] I don't get it, why wouldn't you want more people who can mine for rare resources? Why does me getting rare resources invalidate someone else mining?\n[NEXT] <NONE>\n\nThink step-by-step inside [REASON]â€¦[/REASON] before the answer.\nReturn the annotation as one JSON object wrapped EXACTLY like:\n[ANNOT]{\""act\"":\""<ACT>\"",\""politeness\"":\""<POL>\"",\""meta\"":\""<META>\""}[/ANNOT]""}]","[REASON]The target utterance consists of two questions, both of which are seeking clarification or understanding of a particular behavior or situation. The speaker, CallSign_Fjor, is expressing confusion about why others would feel invalidated by their mining for rare resources in a game, and is questioning the logic behind not wanting more people to mine for rare resources. 

The primary communicative act here is to seek information or clarification from the community about this seemingly illogical behavior. This aligns with the communicative act of ""Inquire,"" where the speaker is asking questions to gain insight or information.

While the questions could be rhetorical, they are presented in a manner that genuinely seeks an explanation, as CallSign_Fjor appears to be puzzled by the situation. There is no indication of sarcasm or rhetorical intent that would categorize this as a ""non-bona fide"" act. Therefore, the most fitting label is ""Inquire.""

There are no explicit markers of politeness or impoliteness in the utterance, so no additional politeness or meta tags are needed.

Based on this analysis, the communicative act is ""Inquire.""[/REASON]
[ANNOT]{""act"":""Inquire"",""politeness"":null,""meta"":null}[/ANNOT]",1747373205
4,93187,"[{""role"": ""system"", ""content"": ""Background: A Reddit user (CallSign_Fjor) posts in r/gaming that their friends lose interest in finishing Terraria and other games whenever the user progresses farther, even though the user avoids using end-game gear and shares resources. The post asks why some players feel 'invalidated' by someone elseâ€™s faster progression.\n\nThread starter messages:\n- What's up with people not wanting to play a game because someone else has progressed further?\n\nYou are an annotation assistant for a research project on computer-mediated communication (CMC).\nYour task is to read **a single utterance in context** and assign the correct **communicative-act label** from the taxonomy developed by **Herring, Das, and Penumarthy (2005)**, revised in **2024** by **Herring and Ge-Stadnyk**.\n\n---\n\n## ğŸ§¾ Background Story\n\nThe utterances come from informal discussions among Reddit users commenting on a post in a gaming-related subreddit. The original post typically describes a social conflict involving shared gameplay expectations, such as differing progression speeds, mismatched availability, or perceived unfairness in group dynamics.\n\nYou are shown a **target utterance**, along with its **immediate context** (the prior and next utterances when available). These interactions often include sarcasm, support, disagreement, or attempts to clarify, and your job is to label the **target utterance** accordingly.\n\n---\n\n## âœ³ï¸ CMC Communicativeâ€‘Act Labels (18 total)\n\nUse the following definitions and examples to identify the most appropriate label for each utterance:\n\n| Act | Explanation | Example(s) |\n|-----|-------------|------------|\n| **Accept** | Concur, agree, acquiesce | â€œYes, I agree.â€ |\n| **Apologize** | Humble oneself, self-deprecate | â€œOops, my fault :(â€ |\n| **Behave** | Call attention to social norms or expectations | *(No example yet; flag if spotted)* |\n| **Claim** | Make a subjective assertion; unverifiable in principle | â€œI love pizza!â€ |\n| **Congratulate** | Express praise or good wishes for achievement | â€œGood luck, gamer.â€ |\n| **Desire** | Express want, hope, speculation, counterfactual, or promise | â€œI wish I could go with you.â€ |\n| **Direct** | Attempt to cause action (require, prohibit, permit, strongly advise) | â€œCool down.â€ |\n| **Elaborate** | Explain or paraphrase a previous utterance (usually one's own) | â€œ(I canâ€™t fake illâ€¦) Mumâ€™s a teacher.â€ |\n| **Greet** | Greeting, leave-taking, well-wishing | â€œHi roley!! / How r u?â€ |\n| **Inform** | Provide verifiable (even if untrue) factual information | â€œThe capital of India is New Delhi.â€ |\n| **Inquire** | Seek information | â€œHow long does it take?â€ |\n| **Invite** | Seek participation or acceptance from addressee | â€œLetâ€™s go outside.â€ |\n| **Manage** | Organize, prompt, focus, open/close discussion | â€œOK, letâ€™s get started.â€ |\n| **React** | Show listenership, engagement (positive/negative/neutral) | â€œCool!!â€; â€œEww, ick!â€ |\n| **Reject** | Disagree, dispute, challenge | â€œNo you canâ€™t!â€ |\n| **Repair** | Clarify or correct misunderstanding | â€œDid you mean â€˜school holidayâ€™?â€ |\n| **Request** | Politely seek action | â€œCan you help me find it?â€ |\n| **Thank** | Appreciate, express gratitude | â€œThanks for showing me!â€ |\n\n---\n\n## ğŸª Politeness & Impoliteness Annotation\n\nOnly annotate when a (non-)politeness act is clearly expressed.\n\n### I. Herring (1994)\n\n| Code | Meaning | Example(s) |\n|------|---------|------------|\n| **+P** | Positive politeness (support, compliments, humor, solidarity) | â€” |\n| **+N** | Negative politeness (hedging, apologies, giving options) | â€œI donâ€™t mean to sound cold, butâ€¦â€ |\n| **â€“P** | Violation of positive politeness (mocking, flaming, etc.) | (see Culpeper below) |\n| **â€“N** | Violation of negative politeness (commands, imperatives, intrusive) | â€œSo howâ€™s school, love, family life?â€ |\n\n### II. Culpeper (2011a) Impoliteness Formulae\n*(subtypes of â€“P; specify in brackets)*\n\nExamples include:\n- **â€“P [Insult]**: â€œYou fucking moronâ€\n- **â€“P [Condescension]**: â€œThatâ€™s being babyishâ€\n- **â€“P [Dismissal]**: â€œFuck offâ€\n- **â€“P [Silencer]**: â€œShut the fuck upâ€\n- **â€“P [Threat]**: â€œIâ€™m going to bust your headâ€\n- *(See full list in original)*\n\n---\n\n## ğŸ·ï¸ Meta-Acts\n\n| Tag | Description | Examples |\n|-----|-------------|----------|\n| **[reported]** | Representing another's words or thoughts | â€œThe president said he wants democracy.â€ |\n| **[nonâ€‘bona fide]** | Sarcasm, irony, rhetorical, humor, etc. | â€œHeâ€™s such a genius I canâ€™t stand it.â€ |\n\n> If the reported segment is itself meaningful for act coding, apply the act to it, not the outer clause.\n> If the utterance is sarcastic, code its intended act and add the `[nonâ€‘bona fide]` tag.\n\n---\n\n## ğŸ§  Output Format\n\nEach annotation must be returned **as a single JSON object** like:\n\n~~~\n[ANNOT]{\""act\"":\""<ACT>\"",\""politeness\"":\""<POL>\"",\""meta\"":\""<META>\""}[/ANNOT]\n~~~\n\nIf the user requests **reasoning**, you must think aloud before labeling.\nIn your reasoning:\n\n- Consider 2â€“3 possible communicative acts\n- Narrow down to the 1â€“2 most plausible labels based on **context (prior and next messages)**\n- Test each plausible option against the discourse\n- Select the best-fitting label with justification\n\nWrap your full reasoning block in:\n\n~~~\n[REASON] your reasoning here [/REASON]\n~~~\n\nPlace `[REASON]...[/REASON]` **immediately before** the `[ANNOT]` block.\n\n---\n\n## âœ… Quick Examples\n\n| Utterance | Annotation |\n|----------|------------|\n| â€œExactly this.â€ | Accept +P |\n| â€œYou are such a bitch.â€ | Reject â€“P [Insult] |\n| â€œApparently your friends want to playâ€¦â€ | Claim [reported] |\n| â€œOh yeah, because *that* makes sense.â€ | Reject â€“P [nonâ€‘bona fide] |\n\n---\n\n## ğŸš¦ Procedure\n\n1. **Read in context** â€“ Use the prior and next messages (if available) to interpret the target.\n2. **One act per utterance** â€“ Assign only one primary communicative act.\n3. **Politeness/meta-acts optional** â€“ Add tags only if clearly present.\n4. **Least frequent act preferred** â€“ When in doubt, select the rarer but fitting label.\n\n---\n\nâš ï¸ FORMAT REQUIREMENT âš ï¸\nReturn **only**:\n~~~\n[ANNOT]{\""act\"":\""<ACT>\"",\""politeness\"":\""<POL>\"",\""meta\"":\""<META>\""}[/ANNOT]\n~~~\n\nIf reasoning is requested:\n~~~\n[REASON] your reasoning here [/REASON]\n[ANNOT]{\""act\"":\""<ACT>\"",\""politeness\"":\""<POL>\"",\""meta\"":\""<META>\""}[/ANNOT]\n~~~\n\nNever include any other surrounding text.\n""}, {""role"": ""user"", ""content"": ""UserID: CallSign_Fjor, Gender: , Time: , Utterance#: 1.0\n[PREV] <NONE>\n[TARGET] I do not understand the mentality of people being discouraged by someone else's progression. There was a time when a player \""had the thing\"" it meant prestige and you wanted to be more like them, not throw your hands up because someone already had endgame armor before you.\n[NEXT] <NONE>\n\nThink step-by-step inside [REASON]â€¦[/REASON] before the answer.\nReturn the annotation as one JSON object wrapped EXACTLY like:\n[ANNOT]{\""act\"":\""<ACT>\"",\""politeness\"":\""<POL>\"",\""meta\"":\""<META>\""}[/ANNOT]""}]","[REASON]The target utterance is expressing a viewpoint about a phenomenon where players feel discouraged by others' faster progression in a game. The user, CallSign_Fjor, is making a subjective assertion about their perspective on this mentality, which is not directly verifiable. They are reflecting on past experiences when having advanced gear or achievements was seen as prestigious and aspirational. The act of expressing a personal understanding or belief aligns well with the communicative act of ""Claim,"" as it involves sharing a subjective viewpoint.

There is no clear use of politeness or impoliteness strategies in this utterance. The user is neither hedging nor using humor or solidarity markers. They are simply stating their perspective without any additional social moves.

The utterance does not seem to employ sarcasm or irony, nor does it report someone else's words or thoughts. Therefore, no meta-act tags are applicable here.

Given these considerations, the most fitting label for this utterance is ""Claim,"" with no additional politeness or meta-act annotations necessary.[/REASON]
[ANNOT]{""act"":""Claim"",""politeness"":"""",""meta"":""""}[/ANNOT]",1747373211
5,93187,"[{""role"": ""system"", ""content"": ""Background: A Reddit user (CallSign_Fjor) posts in r/gaming that their friends lose interest in finishing Terraria and other games whenever the user progresses farther, even though the user avoids using end-game gear and shares resources. The post asks why some players feel 'invalidated' by someone elseâ€™s faster progression.\n\nThread starter messages:\n- What's up with people not wanting to play a game because someone else has progressed further?\n\nYou are an annotation assistant for a research project on computer-mediated communication (CMC).\nYour task is to read **a single utterance in context** and assign the correct **communicative-act label** from the taxonomy developed by **Herring, Das, and Penumarthy (2005)**, revised in **2024** by **Herring and Ge-Stadnyk**.\n\n---\n\n## ğŸ§¾ Background Story\n\nThe utterances come from informal discussions among Reddit users commenting on a post in a gaming-related subreddit. The original post typically describes a social conflict involving shared gameplay expectations, such as differing progression speeds, mismatched availability, or perceived unfairness in group dynamics.\n\nYou are shown a **target utterance**, along with its **immediate context** (the prior and next utterances when available). These interactions often include sarcasm, support, disagreement, or attempts to clarify, and your job is to label the **target utterance** accordingly.\n\n---\n\n## âœ³ï¸ CMC Communicativeâ€‘Act Labels (18 total)\n\nUse the following definitions and examples to identify the most appropriate label for each utterance:\n\n| Act | Explanation | Example(s) |\n|-----|-------------|------------|\n| **Accept** | Concur, agree, acquiesce | â€œYes, I agree.â€ |\n| **Apologize** | Humble oneself, self-deprecate | â€œOops, my fault :(â€ |\n| **Behave** | Call attention to social norms or expectations | *(No example yet; flag if spotted)* |\n| **Claim** | Make a subjective assertion; unverifiable in principle | â€œI love pizza!â€ |\n| **Congratulate** | Express praise or good wishes for achievement | â€œGood luck, gamer.â€ |\n| **Desire** | Express want, hope, speculation, counterfactual, or promise | â€œI wish I could go with you.â€ |\n| **Direct** | Attempt to cause action (require, prohibit, permit, strongly advise) | â€œCool down.â€ |\n| **Elaborate** | Explain or paraphrase a previous utterance (usually one's own) | â€œ(I canâ€™t fake illâ€¦) Mumâ€™s a teacher.â€ |\n| **Greet** | Greeting, leave-taking, well-wishing | â€œHi roley!! / How r u?â€ |\n| **Inform** | Provide verifiable (even if untrue) factual information | â€œThe capital of India is New Delhi.â€ |\n| **Inquire** | Seek information | â€œHow long does it take?â€ |\n| **Invite** | Seek participation or acceptance from addressee | â€œLetâ€™s go outside.â€ |\n| **Manage** | Organize, prompt, focus, open/close discussion | â€œOK, letâ€™s get started.â€ |\n| **React** | Show listenership, engagement (positive/negative/neutral) | â€œCool!!â€; â€œEww, ick!â€ |\n| **Reject** | Disagree, dispute, challenge | â€œNo you canâ€™t!â€ |\n| **Repair** | Clarify or correct misunderstanding | â€œDid you mean â€˜school holidayâ€™?â€ |\n| **Request** | Politely seek action | â€œCan you help me find it?â€ |\n| **Thank** | Appreciate, express gratitude | â€œThanks for showing me!â€ |\n\n---\n\n## ğŸª Politeness & Impoliteness Annotation\n\nOnly annotate when a (non-)politeness act is clearly expressed.\n\n### I. Herring (1994)\n\n| Code | Meaning | Example(s) |\n|------|---------|------------|\n| **+P** | Positive politeness (support, compliments, humor, solidarity) | â€” |\n| **+N** | Negative politeness (hedging, apologies, giving options) | â€œI donâ€™t mean to sound cold, butâ€¦â€ |\n| **â€“P** | Violation of positive politeness (mocking, flaming, etc.) | (see Culpeper below) |\n| **â€“N** | Violation of negative politeness (commands, imperatives, intrusive) | â€œSo howâ€™s school, love, family life?â€ |\n\n### II. Culpeper (2011a) Impoliteness Formulae\n*(subtypes of â€“P; specify in brackets)*\n\nExamples include:\n- **â€“P [Insult]**: â€œYou fucking moronâ€\n- **â€“P [Condescension]**: â€œThatâ€™s being babyishâ€\n- **â€“P [Dismissal]**: â€œFuck offâ€\n- **â€“P [Silencer]**: â€œShut the fuck upâ€\n- **â€“P [Threat]**: â€œIâ€™m going to bust your headâ€\n- *(See full list in original)*\n\n---\n\n## ğŸ·ï¸ Meta-Acts\n\n| Tag | Description | Examples |\n|-----|-------------|----------|\n| **[reported]** | Representing another's words or thoughts | â€œThe president said he wants democracy.â€ |\n| **[nonâ€‘bona fide]** | Sarcasm, irony, rhetorical, humor, etc. | â€œHeâ€™s such a genius I canâ€™t stand it.â€ |\n\n> If the reported segment is itself meaningful for act coding, apply the act to it, not the outer clause.\n> If the utterance is sarcastic, code its intended act and add the `[nonâ€‘bona fide]` tag.\n\n---\n\n## ğŸ§  Output Format\n\nEach annotation must be returned **as a single JSON object** like:\n\n~~~\n[ANNOT]{\""act\"":\""<ACT>\"",\""politeness\"":\""<POL>\"",\""meta\"":\""<META>\""}[/ANNOT]\n~~~\n\nIf the user requests **reasoning**, you must think aloud before labeling.\nIn your reasoning:\n\n- Consider 2â€“3 possible communicative acts\n- Narrow down to the 1â€“2 most plausible labels based on **context (prior and next messages)**\n- Test each plausible option against the discourse\n- Select the best-fitting label with justification\n\nWrap your full reasoning block in:\n\n~~~\n[REASON] your reasoning here [/REASON]\n~~~\n\nPlace `[REASON]...[/REASON]` **immediately before** the `[ANNOT]` block.\n\n---\n\n## âœ… Quick Examples\n\n| Utterance | Annotation |\n|----------|------------|\n| â€œExactly this.â€ | Accept +P |\n| â€œYou are such a bitch.â€ | Reject â€“P [Insult] |\n| â€œApparently your friends want to playâ€¦â€ | Claim [reported] |\n| â€œOh yeah, because *that* makes sense.â€ | Reject â€“P [nonâ€‘bona fide] |\n\n---\n\n## ğŸš¦ Procedure\n\n1. **Read in context** â€“ Use the prior and next messages (if available) to interpret the target.\n2. **One act per utterance** â€“ Assign only one primary communicative act.\n3. **Politeness/meta-acts optional** â€“ Add tags only if clearly present.\n4. **Least frequent act preferred** â€“ When in doubt, select the rarer but fitting label.\n\n---\n\nâš ï¸ FORMAT REQUIREMENT âš ï¸\nReturn **only**:\n~~~\n[ANNOT]{\""act\"":\""<ACT>\"",\""politeness\"":\""<POL>\"",\""meta\"":\""<META>\""}[/ANNOT]\n~~~\n\nIf reasoning is requested:\n~~~\n[REASON] your reasoning here [/REASON]\n[ANNOT]{\""act\"":\""<ACT>\"",\""politeness\"":\""<POL>\"",\""meta\"":\""<META>\""}[/ANNOT]\n~~~\n\nNever include any other surrounding text.\n""}, {""role"": ""user"", ""content"": ""UserID: AurelianoTampa, Gender: , Time: , Utterance#: 1.0\n[PREV] I do not understand the mentality of people being discouraged by someone else's progression. There was a time when a player \""had the thing\"" it meant prestige and you wanted to be more like them, not throw your hands up because someone already had endgame armor before you.\n[TARGET] Did you ask your friends? \n[NEXT] <NONE>\n\nThink step-by-step inside [REASON]â€¦[/REASON] before the answer.\nReturn the annotation as one JSON object wrapped EXACTLY like:\n[ANNOT]{\""act\"":\""<ACT>\"",\""politeness\"":\""<POL>\"",\""meta\"":\""<META>\""}[/ANNOT]""}]","[REASON]The target utterance ""Did you ask your friends?"" follows a comment expressing confusion about why someone might feel discouraged by another's progression in a game. The utterance is a question directed towards the original poster, implying a suggestion that they might gain insight by asking their friends directly about their feelings or reasons. This is a clear example of seeking information, as the user is encouraging the other to inquire further into the situation. This fits the definition of an ""Inquire"" act, as it is attempting to solicit information about whether a specific action (asking friends) was taken.

The lack of any additional context or social cues in this short utterance means there's no clear evidence of politeness or impoliteness, nor are there any meta-acts like sarcasm to consider. Therefore, the best fitting label here is ""Inquire"" without any additional tags.

Given the context and the nature of the question, ""Inquire"" is the most appropriate communicative act label.[/REASON]
[ANNOT]{""act"":""Inquire"",""politeness"":"""",""meta"":""""}[/ANNOT]",1747373216
6,93187,"[{""role"": ""system"", ""content"": ""Background: A Reddit user (CallSign_Fjor) posts in r/gaming that their friends lose interest in finishing Terraria and other games whenever the user progresses farther, even though the user avoids using end-game gear and shares resources. The post asks why some players feel 'invalidated' by someone elseâ€™s faster progression.\n\nThread starter messages:\n- What's up with people not wanting to play a game because someone else has progressed further?\n\nYou are an annotation assistant for a research project on computer-mediated communication (CMC).\nYour task is to read **a single utterance in context** and assign the correct **communicative-act label** from the taxonomy developed by **Herring, Das, and Penumarthy (2005)**, revised in **2024** by **Herring and Ge-Stadnyk**.\n\n---\n\n## ğŸ§¾ Background Story\n\nThe utterances come from informal discussions among Reddit users commenting on a post in a gaming-related subreddit. The original post typically describes a social conflict involving shared gameplay expectations, such as differing progression speeds, mismatched availability, or perceived unfairness in group dynamics.\n\nYou are shown a **target utterance**, along with its **immediate context** (the prior and next utterances when available). These interactions often include sarcasm, support, disagreement, or attempts to clarify, and your job is to label the **target utterance** accordingly.\n\n---\n\n## âœ³ï¸ CMC Communicativeâ€‘Act Labels (18 total)\n\nUse the following definitions and examples to identify the most appropriate label for each utterance:\n\n| Act | Explanation | Example(s) |\n|-----|-------------|------------|\n| **Accept** | Concur, agree, acquiesce | â€œYes, I agree.â€ |\n| **Apologize** | Humble oneself, self-deprecate | â€œOops, my fault :(â€ |\n| **Behave** | Call attention to social norms or expectations | *(No example yet; flag if spotted)* |\n| **Claim** | Make a subjective assertion; unverifiable in principle | â€œI love pizza!â€ |\n| **Congratulate** | Express praise or good wishes for achievement | â€œGood luck, gamer.â€ |\n| **Desire** | Express want, hope, speculation, counterfactual, or promise | â€œI wish I could go with you.â€ |\n| **Direct** | Attempt to cause action (require, prohibit, permit, strongly advise) | â€œCool down.â€ |\n| **Elaborate** | Explain or paraphrase a previous utterance (usually one's own) | â€œ(I canâ€™t fake illâ€¦) Mumâ€™s a teacher.â€ |\n| **Greet** | Greeting, leave-taking, well-wishing | â€œHi roley!! / How r u?â€ |\n| **Inform** | Provide verifiable (even if untrue) factual information | â€œThe capital of India is New Delhi.â€ |\n| **Inquire** | Seek information | â€œHow long does it take?â€ |\n| **Invite** | Seek participation or acceptance from addressee | â€œLetâ€™s go outside.â€ |\n| **Manage** | Organize, prompt, focus, open/close discussion | â€œOK, letâ€™s get started.â€ |\n| **React** | Show listenership, engagement (positive/negative/neutral) | â€œCool!!â€; â€œEww, ick!â€ |\n| **Reject** | Disagree, dispute, challenge | â€œNo you canâ€™t!â€ |\n| **Repair** | Clarify or correct misunderstanding | â€œDid you mean â€˜school holidayâ€™?â€ |\n| **Request** | Politely seek action | â€œCan you help me find it?â€ |\n| **Thank** | Appreciate, express gratitude | â€œThanks for showing me!â€ |\n\n---\n\n## ğŸª Politeness & Impoliteness Annotation\n\nOnly annotate when a (non-)politeness act is clearly expressed.\n\n### I. Herring (1994)\n\n| Code | Meaning | Example(s) |\n|------|---------|------------|\n| **+P** | Positive politeness (support, compliments, humor, solidarity) | â€” |\n| **+N** | Negative politeness (hedging, apologies, giving options) | â€œI donâ€™t mean to sound cold, butâ€¦â€ |\n| **â€“P** | Violation of positive politeness (mocking, flaming, etc.) | (see Culpeper below) |\n| **â€“N** | Violation of negative politeness (commands, imperatives, intrusive) | â€œSo howâ€™s school, love, family life?â€ |\n\n### II. Culpeper (2011a) Impoliteness Formulae\n*(subtypes of â€“P; specify in brackets)*\n\nExamples include:\n- **â€“P [Insult]**: â€œYou fucking moronâ€\n- **â€“P [Condescension]**: â€œThatâ€™s being babyishâ€\n- **â€“P [Dismissal]**: â€œFuck offâ€\n- **â€“P [Silencer]**: â€œShut the fuck upâ€\n- **â€“P [Threat]**: â€œIâ€™m going to bust your headâ€\n- *(See full list in original)*\n\n---\n\n## ğŸ·ï¸ Meta-Acts\n\n| Tag | Description | Examples |\n|-----|-------------|----------|\n| **[reported]** | Representing another's words or thoughts | â€œThe president said he wants democracy.â€ |\n| **[nonâ€‘bona fide]** | Sarcasm, irony, rhetorical, humor, etc. | â€œHeâ€™s such a genius I canâ€™t stand it.â€ |\n\n> If the reported segment is itself meaningful for act coding, apply the act to it, not the outer clause.\n> If the utterance is sarcastic, code its intended act and add the `[nonâ€‘bona fide]` tag.\n\n---\n\n## ğŸ§  Output Format\n\nEach annotation must be returned **as a single JSON object** like:\n\n~~~\n[ANNOT]{\""act\"":\""<ACT>\"",\""politeness\"":\""<POL>\"",\""meta\"":\""<META>\""}[/ANNOT]\n~~~\n\nIf the user requests **reasoning**, you must think aloud before labeling.\nIn your reasoning:\n\n- Consider 2â€“3 possible communicative acts\n- Narrow down to the 1â€“2 most plausible labels based on **context (prior and next messages)**\n- Test each plausible option against the discourse\n- Select the best-fitting label with justification\n\nWrap your full reasoning block in:\n\n~~~\n[REASON] your reasoning here [/REASON]\n~~~\n\nPlace `[REASON]...[/REASON]` **immediately before** the `[ANNOT]` block.\n\n---\n\n## âœ… Quick Examples\n\n| Utterance | Annotation |\n|----------|------------|\n| â€œExactly this.â€ | Accept +P |\n| â€œYou are such a bitch.â€ | Reject â€“P [Insult] |\n| â€œApparently your friends want to playâ€¦â€ | Claim [reported] |\n| â€œOh yeah, because *that* makes sense.â€ | Reject â€“P [nonâ€‘bona fide] |\n\n---\n\n## ğŸš¦ Procedure\n\n1. **Read in context** â€“ Use the prior and next messages (if available) to interpret the target.\n2. **One act per utterance** â€“ Assign only one primary communicative act.\n3. **Politeness/meta-acts optional** â€“ Add tags only if clearly present.\n4. **Least frequent act preferred** â€“ When in doubt, select the rarer but fitting label.\n\n---\n\nâš ï¸ FORMAT REQUIREMENT âš ï¸\nReturn **only**:\n~~~\n[ANNOT]{\""act\"":\""<ACT>\"",\""politeness\"":\""<POL>\"",\""meta\"":\""<META>\""}[/ANNOT]\n~~~\n\nIf reasoning is requested:\n~~~\n[REASON] your reasoning here [/REASON]\n[ANNOT]{\""act\"":\""<ACT>\"",\""politeness\"":\""<POL>\"",\""meta\"":\""<META>\""}[/ANNOT]\n~~~\n\nNever include any other surrounding text.\n""}, {""role"": ""user"", ""content"": ""UserID: AurelianoTampa, Gender: , Time: , Utterance#: 1.0\n[PREV] I do not understand the mentality of people being discouraged by someone else's progression. There was a time when a player \""had the thing\"" it meant prestige and you wanted to be more like them, not throw your hands up because someone already had endgame armor before you.\n[TARGET] They'd be the ones with the answer.\n[NEXT] <NONE>\n\nThink step-by-step inside [REASON]â€¦[/REASON] before the answer.\nReturn the annotation as one JSON object wrapped EXACTLY like:\n[ANNOT]{\""act\"":\""<ACT>\"",\""politeness\"":\""<POL>\"",\""meta\"":\""<META>\""}[/ANNOT]""}]","[REASON]The target utterance is ""They'd be the ones with the answer."" Let's analyze the context and the potential communicative acts:

1. **Claim**: This utterance might be seen as a claim because the speaker is stating something they believe to be true about those who have progressed further in the game. They are asserting that those individuals would have the answers, possibly referring to questions about the game or how to succeed in it.

2. **Inform**: It could also be an attempt to inform by stating a fact that these players would indeed have the answers due to their advanced progression. However, it's more subjective than objective.

3. **Elaborate**: It might be an elaboration on the previous statement about how having advanced items used to mean prestige. The speaker could be expanding on the idea that those with advanced progression serve as a resource for others.

The utterance seems to fit best with **Claim**. The speaker is making an assertion based on their view of the situation, which aligns more closely with a subjective assertion than an objective fact.

There is no clear politeness or meta-act present, as the statement doesn't seem sarcastic or report speech. It is a straightforward assertion. 

Therefore, the most fitting label is **Claim** without additional politeness or meta-tags. [/REASON]
[ANNOT]{""act"":""Claim"",""politeness"":null,""meta"":null}[/ANNOT]",1747373221
7,93187,"[{""role"": ""system"", ""content"": ""Background: A Reddit user (CallSign_Fjor) posts in r/gaming that their friends lose interest in finishing Terraria and other games whenever the user progresses farther, even though the user avoids using end-game gear and shares resources. The post asks why some players feel 'invalidated' by someone elseâ€™s faster progression.\n\nThread starter messages:\n- What's up with people not wanting to play a game because someone else has progressed further?\n\nYou are an annotation assistant for a research project on computer-mediated communication (CMC).\nYour task is to read **a single utterance in context** and assign the correct **communicative-act label** from the taxonomy developed by **Herring, Das, and Penumarthy (2005)**, revised in **2024** by **Herring and Ge-Stadnyk**.\n\n---\n\n## ğŸ§¾ Background Story\n\nThe utterances come from informal discussions among Reddit users commenting on a post in a gaming-related subreddit. The original post typically describes a social conflict involving shared gameplay expectations, such as differing progression speeds, mismatched availability, or perceived unfairness in group dynamics.\n\nYou are shown a **target utterance**, along with its **immediate context** (the prior and next utterances when available). These interactions often include sarcasm, support, disagreement, or attempts to clarify, and your job is to label the **target utterance** accordingly.\n\n---\n\n## âœ³ï¸ CMC Communicativeâ€‘Act Labels (18 total)\n\nUse the following definitions and examples to identify the most appropriate label for each utterance:\n\n| Act | Explanation | Example(s) |\n|-----|-------------|------------|\n| **Accept** | Concur, agree, acquiesce | â€œYes, I agree.â€ |\n| **Apologize** | Humble oneself, self-deprecate | â€œOops, my fault :(â€ |\n| **Behave** | Call attention to social norms or expectations | *(No example yet; flag if spotted)* |\n| **Claim** | Make a subjective assertion; unverifiable in principle | â€œI love pizza!â€ |\n| **Congratulate** | Express praise or good wishes for achievement | â€œGood luck, gamer.â€ |\n| **Desire** | Express want, hope, speculation, counterfactual, or promise | â€œI wish I could go with you.â€ |\n| **Direct** | Attempt to cause action (require, prohibit, permit, strongly advise) | â€œCool down.â€ |\n| **Elaborate** | Explain or paraphrase a previous utterance (usually one's own) | â€œ(I canâ€™t fake illâ€¦) Mumâ€™s a teacher.â€ |\n| **Greet** | Greeting, leave-taking, well-wishing | â€œHi roley!! / How r u?â€ |\n| **Inform** | Provide verifiable (even if untrue) factual information | â€œThe capital of India is New Delhi.â€ |\n| **Inquire** | Seek information | â€œHow long does it take?â€ |\n| **Invite** | Seek participation or acceptance from addressee | â€œLetâ€™s go outside.â€ |\n| **Manage** | Organize, prompt, focus, open/close discussion | â€œOK, letâ€™s get started.â€ |\n| **React** | Show listenership, engagement (positive/negative/neutral) | â€œCool!!â€; â€œEww, ick!â€ |\n| **Reject** | Disagree, dispute, challenge | â€œNo you canâ€™t!â€ |\n| **Repair** | Clarify or correct misunderstanding | â€œDid you mean â€˜school holidayâ€™?â€ |\n| **Request** | Politely seek action | â€œCan you help me find it?â€ |\n| **Thank** | Appreciate, express gratitude | â€œThanks for showing me!â€ |\n\n---\n\n## ğŸª Politeness & Impoliteness Annotation\n\nOnly annotate when a (non-)politeness act is clearly expressed.\n\n### I. Herring (1994)\n\n| Code | Meaning | Example(s) |\n|------|---------|------------|\n| **+P** | Positive politeness (support, compliments, humor, solidarity) | â€” |\n| **+N** | Negative politeness (hedging, apologies, giving options) | â€œI donâ€™t mean to sound cold, butâ€¦â€ |\n| **â€“P** | Violation of positive politeness (mocking, flaming, etc.) | (see Culpeper below) |\n| **â€“N** | Violation of negative politeness (commands, imperatives, intrusive) | â€œSo howâ€™s school, love, family life?â€ |\n\n### II. Culpeper (2011a) Impoliteness Formulae\n*(subtypes of â€“P; specify in brackets)*\n\nExamples include:\n- **â€“P [Insult]**: â€œYou fucking moronâ€\n- **â€“P [Condescension]**: â€œThatâ€™s being babyishâ€\n- **â€“P [Dismissal]**: â€œFuck offâ€\n- **â€“P [Silencer]**: â€œShut the fuck upâ€\n- **â€“P [Threat]**: â€œIâ€™m going to bust your headâ€\n- *(See full list in original)*\n\n---\n\n## ğŸ·ï¸ Meta-Acts\n\n| Tag | Description | Examples |\n|-----|-------------|----------|\n| **[reported]** | Representing another's words or thoughts | â€œThe president said he wants democracy.â€ |\n| **[nonâ€‘bona fide]** | Sarcasm, irony, rhetorical, humor, etc. | â€œHeâ€™s such a genius I canâ€™t stand it.â€ |\n\n> If the reported segment is itself meaningful for act coding, apply the act to it, not the outer clause.\n> If the utterance is sarcastic, code its intended act and add the `[nonâ€‘bona fide]` tag.\n\n---\n\n## ğŸ§  Output Format\n\nEach annotation must be returned **as a single JSON object** like:\n\n~~~\n[ANNOT]{\""act\"":\""<ACT>\"",\""politeness\"":\""<POL>\"",\""meta\"":\""<META>\""}[/ANNOT]\n~~~\n\nIf the user requests **reasoning**, you must think aloud before labeling.\nIn your reasoning:\n\n- Consider 2â€“3 possible communicative acts\n- Narrow down to the 1â€“2 most plausible labels based on **context (prior and next messages)**\n- Test each plausible option against the discourse\n- Select the best-fitting label with justification\n\nWrap your full reasoning block in:\n\n~~~\n[REASON] your reasoning here [/REASON]\n~~~\n\nPlace `[REASON]...[/REASON]` **immediately before** the `[ANNOT]` block.\n\n---\n\n## âœ… Quick Examples\n\n| Utterance | Annotation |\n|----------|------------|\n| â€œExactly this.â€ | Accept +P |\n| â€œYou are such a bitch.â€ | Reject â€“P [Insult] |\n| â€œApparently your friends want to playâ€¦â€ | Claim [reported] |\n| â€œOh yeah, because *that* makes sense.â€ | Reject â€“P [nonâ€‘bona fide] |\n\n---\n\n## ğŸš¦ Procedure\n\n1. **Read in context** â€“ Use the prior and next messages (if available) to interpret the target.\n2. **One act per utterance** â€“ Assign only one primary communicative act.\n3. **Politeness/meta-acts optional** â€“ Add tags only if clearly present.\n4. **Least frequent act preferred** â€“ When in doubt, select the rarer but fitting label.\n\n---\n\nâš ï¸ FORMAT REQUIREMENT âš ï¸\nReturn **only**:\n~~~\n[ANNOT]{\""act\"":\""<ACT>\"",\""politeness\"":\""<POL>\"",\""meta\"":\""<META>\""}[/ANNOT]\n~~~\n\nIf reasoning is requested:\n~~~\n[REASON] your reasoning here [/REASON]\n[ANNOT]{\""act\"":\""<ACT>\"",\""politeness\"":\""<POL>\"",\""meta\"":\""<META>\""}[/ANNOT]\n~~~\n\nNever include any other surrounding text.\n""}, {""role"": ""user"", ""content"": ""UserID: AurelianoTampa, Gender: , Time: , Utterance#: 1.0\n[PREV] I do not understand the mentality of people being discouraged by someone else's progression. There was a time when a player \""had the thing\"" it meant prestige and you wanted to be more like them, not throw your hands up because someone already had endgame armor before you.\n[TARGET] As someone not involved, it sounds like they wanted to play and discover the game together. Knowing you had already gone through everything and now were just kinda babysitting them probably took the wind out of their sails and made it less enjoyable. They wanted a new experience as a group, and you went and had the experience on your own. Guessing it's a bit like wanting to watch a show with a group of friends, but one of them binged it beforehand and keeps going \""Oh man, this episode is going to be awesome, you won't believe it!\"" It ruins the surprise.\n[NEXT] <NONE>\n\nThink step-by-step inside [REASON]â€¦[/REASON] before the answer.\nReturn the annotation as one JSON object wrapped EXACTLY like:\n[ANNOT]{\""act\"":\""<ACT>\"",\""politeness\"":\""<POL>\"",\""meta\"":\""<META>\""}[/ANNOT]""}]","[REASON]In this utterance, AurelianoTampa is making a subjective assertion about why the friends of the original poster might have felt discouraged. The user is speculating on the feelings and motivations of those friends, suggesting that they wanted to experience the game together and that the original poster's solo progression might have diminished that experience for them. This aligns with the ""Claim"" communicative act, as it presents a personal interpretation or assumption that is subjective and unverifiable in principle.

Other possible labels like ""Inform"" do not fit because the statement is not providing factual information, but rather an interpretation or hypothesis. ""Elaborate"" is also not applicable because the user is not expanding on a previous statement of their own but rather providing their own take on the situation.

Therefore, the most fitting label for this utterance is ""Claim"". There is no clear expression of politeness or meta-acts like sarcasm or irony in the statement.[/REASON]
[ANNOT]{""act"":""Claim"",""politeness"":"""",""meta"":""""}[/ANNOT]",1747373227
8,93187,"[{""role"": ""system"", ""content"": ""Background: A Reddit user (CallSign_Fjor) posts in r/gaming that their friends lose interest in finishing Terraria and other games whenever the user progresses farther, even though the user avoids using end-game gear and shares resources. The post asks why some players feel 'invalidated' by someone elseâ€™s faster progression.\n\nThread starter messages:\n- What's up with people not wanting to play a game because someone else has progressed further?\n\nYou are an annotation assistant for a research project on computer-mediated communication (CMC).\nYour task is to read **a single utterance in context** and assign the correct **communicative-act label** from the taxonomy developed by **Herring, Das, and Penumarthy (2005)**, revised in **2024** by **Herring and Ge-Stadnyk**.\n\n---\n\n## ğŸ§¾ Background Story\n\nThe utterances come from informal discussions among Reddit users commenting on a post in a gaming-related subreddit. The original post typically describes a social conflict involving shared gameplay expectations, such as differing progression speeds, mismatched availability, or perceived unfairness in group dynamics.\n\nYou are shown a **target utterance**, along with its **immediate context** (the prior and next utterances when available). These interactions often include sarcasm, support, disagreement, or attempts to clarify, and your job is to label the **target utterance** accordingly.\n\n---\n\n## âœ³ï¸ CMC Communicativeâ€‘Act Labels (18 total)\n\nUse the following definitions and examples to identify the most appropriate label for each utterance:\n\n| Act | Explanation | Example(s) |\n|-----|-------------|------------|\n| **Accept** | Concur, agree, acquiesce | â€œYes, I agree.â€ |\n| **Apologize** | Humble oneself, self-deprecate | â€œOops, my fault :(â€ |\n| **Behave** | Call attention to social norms or expectations | *(No example yet; flag if spotted)* |\n| **Claim** | Make a subjective assertion; unverifiable in principle | â€œI love pizza!â€ |\n| **Congratulate** | Express praise or good wishes for achievement | â€œGood luck, gamer.â€ |\n| **Desire** | Express want, hope, speculation, counterfactual, or promise | â€œI wish I could go with you.â€ |\n| **Direct** | Attempt to cause action (require, prohibit, permit, strongly advise) | â€œCool down.â€ |\n| **Elaborate** | Explain or paraphrase a previous utterance (usually one's own) | â€œ(I canâ€™t fake illâ€¦) Mumâ€™s a teacher.â€ |\n| **Greet** | Greeting, leave-taking, well-wishing | â€œHi roley!! / How r u?â€ |\n| **Inform** | Provide verifiable (even if untrue) factual information | â€œThe capital of India is New Delhi.â€ |\n| **Inquire** | Seek information | â€œHow long does it take?â€ |\n| **Invite** | Seek participation or acceptance from addressee | â€œLetâ€™s go outside.â€ |\n| **Manage** | Organize, prompt, focus, open/close discussion | â€œOK, letâ€™s get started.â€ |\n| **React** | Show listenership, engagement (positive/negative/neutral) | â€œCool!!â€; â€œEww, ick!â€ |\n| **Reject** | Disagree, dispute, challenge | â€œNo you canâ€™t!â€ |\n| **Repair** | Clarify or correct misunderstanding | â€œDid you mean â€˜school holidayâ€™?â€ |\n| **Request** | Politely seek action | â€œCan you help me find it?â€ |\n| **Thank** | Appreciate, express gratitude | â€œThanks for showing me!â€ |\n\n---\n\n## ğŸª Politeness & Impoliteness Annotation\n\nOnly annotate when a (non-)politeness act is clearly expressed.\n\n### I. Herring (1994)\n\n| Code | Meaning | Example(s) |\n|------|---------|------------|\n| **+P** | Positive politeness (support, compliments, humor, solidarity) | â€” |\n| **+N** | Negative politeness (hedging, apologies, giving options) | â€œI donâ€™t mean to sound cold, butâ€¦â€ |\n| **â€“P** | Violation of positive politeness (mocking, flaming, etc.) | (see Culpeper below) |\n| **â€“N** | Violation of negative politeness (commands, imperatives, intrusive) | â€œSo howâ€™s school, love, family life?â€ |\n\n### II. Culpeper (2011a) Impoliteness Formulae\n*(subtypes of â€“P; specify in brackets)*\n\nExamples include:\n- **â€“P [Insult]**: â€œYou fucking moronâ€\n- **â€“P [Condescension]**: â€œThatâ€™s being babyishâ€\n- **â€“P [Dismissal]**: â€œFuck offâ€\n- **â€“P [Silencer]**: â€œShut the fuck upâ€\n- **â€“P [Threat]**: â€œIâ€™m going to bust your headâ€\n- *(See full list in original)*\n\n---\n\n## ğŸ·ï¸ Meta-Acts\n\n| Tag | Description | Examples |\n|-----|-------------|----------|\n| **[reported]** | Representing another's words or thoughts | â€œThe president said he wants democracy.â€ |\n| **[nonâ€‘bona fide]** | Sarcasm, irony, rhetorical, humor, etc. | â€œHeâ€™s such a genius I canâ€™t stand it.â€ |\n\n> If the reported segment is itself meaningful for act coding, apply the act to it, not the outer clause.\n> If the utterance is sarcastic, code its intended act and add the `[nonâ€‘bona fide]` tag.\n\n---\n\n## ğŸ§  Output Format\n\nEach annotation must be returned **as a single JSON object** like:\n\n~~~\n[ANNOT]{\""act\"":\""<ACT>\"",\""politeness\"":\""<POL>\"",\""meta\"":\""<META>\""}[/ANNOT]\n~~~\n\nIf the user requests **reasoning**, you must think aloud before labeling.\nIn your reasoning:\n\n- Consider 2â€“3 possible communicative acts\n- Narrow down to the 1â€“2 most plausible labels based on **context (prior and next messages)**\n- Test each plausible option against the discourse\n- Select the best-fitting label with justification\n\nWrap your full reasoning block in:\n\n~~~\n[REASON] your reasoning here [/REASON]\n~~~\n\nPlace `[REASON]...[/REASON]` **immediately before** the `[ANNOT]` block.\n\n---\n\n## âœ… Quick Examples\n\n| Utterance | Annotation |\n|----------|------------|\n| â€œExactly this.â€ | Accept +P |\n| â€œYou are such a bitch.â€ | Reject â€“P [Insult] |\n| â€œApparently your friends want to playâ€¦â€ | Claim [reported] |\n| â€œOh yeah, because *that* makes sense.â€ | Reject â€“P [nonâ€‘bona fide] |\n\n---\n\n## ğŸš¦ Procedure\n\n1. **Read in context** â€“ Use the prior and next messages (if available) to interpret the target.\n2. **One act per utterance** â€“ Assign only one primary communicative act.\n3. **Politeness/meta-acts optional** â€“ Add tags only if clearly present.\n4. **Least frequent act preferred** â€“ When in doubt, select the rarer but fitting label.\n\n---\n\nâš ï¸ FORMAT REQUIREMENT âš ï¸\nReturn **only**:\n~~~\n[ANNOT]{\""act\"":\""<ACT>\"",\""politeness\"":\""<POL>\"",\""meta\"":\""<META>\""}[/ANNOT]\n~~~\n\nIf reasoning is requested:\n~~~\n[REASON] your reasoning here [/REASON]\n[ANNOT]{\""act\"":\""<ACT>\"",\""politeness\"":\""<POL>\"",\""meta\"":\""<META>\""}[/ANNOT]\n~~~\n\nNever include any other surrounding text.\n""}, {""role"": ""user"", ""content"": ""UserID: wyldmage, Gender: , Time: , Utterance#: 1.0\n[PREV] As someone not involved, it sounds like they wanted to play and discover the game together. Knowing you had already gone through everything and now were just kinda babysitting them probably took the wind out of their sails and made it less enjoyable. They wanted a new experience as a group, and you went and had the experience on your own. Guessing it's a bit like wanting to watch a show with a group of friends, but one of them binged it beforehand and keeps going \""Oh man, this episode is going to be awesome, you won't believe it!\"" It ruins the surprise.\n[TARGET] Exactly this.\n[NEXT] <NONE>\n\nThink step-by-step inside [REASON]â€¦[/REASON] before the answer.\nReturn the annotation as one JSON object wrapped EXACTLY like:\n[ANNOT]{\""act\"":\""<ACT>\"",\""politeness\"":\""<POL>\"",\""meta\"":\""<META>\""}[/ANNOT]""}]","[REASON]The target utterance ""Exactly this."" is a direct response to the previous message where the user wyldmage elaborates on a potential reason why the original poster's friends might feel less inclined to continue playing the game. In this context, ""Exactly this."" functions as an agreement or concurrence with the explanation provided by the previous user. The user is indicating that they believe the previous message accurately captures the situation. Given this interpretation, the most fitting communicative act is ""Accept,"" as the user is explicitly agreeing with the prior message. There are no indications of politeness or meta-acts such as sarcasm in this straightforward agreement. [/REASON]
[ANNOT]{""act"":""Accept"",""politeness"":"""",""meta"":""""}[/ANNOT]",1747373232
9,93187,"[{""role"": ""system"", ""content"": ""Background: A Reddit user (CallSign_Fjor) posts in r/gaming that their friends lose interest in finishing Terraria and other games whenever the user progresses farther, even though the user avoids using end-game gear and shares resources. The post asks why some players feel 'invalidated' by someone elseâ€™s faster progression.\n\nThread starter messages:\n- What's up with people not wanting to play a game because someone else has progressed further?\n\nYou are an annotation assistant for a research project on computer-mediated communication (CMC).\nYour task is to read **a single utterance in context** and assign the correct **communicative-act label** from the taxonomy developed by **Herring, Das, and Penumarthy (2005)**, revised in **2024** by **Herring and Ge-Stadnyk**.\n\n---\n\n## ğŸ§¾ Background Story\n\nThe utterances come from informal discussions among Reddit users commenting on a post in a gaming-related subreddit. The original post typically describes a social conflict involving shared gameplay expectations, such as differing progression speeds, mismatched availability, or perceived unfairness in group dynamics.\n\nYou are shown a **target utterance**, along with its **immediate context** (the prior and next utterances when available). These interactions often include sarcasm, support, disagreement, or attempts to clarify, and your job is to label the **target utterance** accordingly.\n\n---\n\n## âœ³ï¸ CMC Communicativeâ€‘Act Labels (18 total)\n\nUse the following definitions and examples to identify the most appropriate label for each utterance:\n\n| Act | Explanation | Example(s) |\n|-----|-------------|------------|\n| **Accept** | Concur, agree, acquiesce | â€œYes, I agree.â€ |\n| **Apologize** | Humble oneself, self-deprecate | â€œOops, my fault :(â€ |\n| **Behave** | Call attention to social norms or expectations | *(No example yet; flag if spotted)* |\n| **Claim** | Make a subjective assertion; unverifiable in principle | â€œI love pizza!â€ |\n| **Congratulate** | Express praise or good wishes for achievement | â€œGood luck, gamer.â€ |\n| **Desire** | Express want, hope, speculation, counterfactual, or promise | â€œI wish I could go with you.â€ |\n| **Direct** | Attempt to cause action (require, prohibit, permit, strongly advise) | â€œCool down.â€ |\n| **Elaborate** | Explain or paraphrase a previous utterance (usually one's own) | â€œ(I canâ€™t fake illâ€¦) Mumâ€™s a teacher.â€ |\n| **Greet** | Greeting, leave-taking, well-wishing | â€œHi roley!! / How r u?â€ |\n| **Inform** | Provide verifiable (even if untrue) factual information | â€œThe capital of India is New Delhi.â€ |\n| **Inquire** | Seek information | â€œHow long does it take?â€ |\n| **Invite** | Seek participation or acceptance from addressee | â€œLetâ€™s go outside.â€ |\n| **Manage** | Organize, prompt, focus, open/close discussion | â€œOK, letâ€™s get started.â€ |\n| **React** | Show listenership, engagement (positive/negative/neutral) | â€œCool!!â€; â€œEww, ick!â€ |\n| **Reject** | Disagree, dispute, challenge | â€œNo you canâ€™t!â€ |\n| **Repair** | Clarify or correct misunderstanding | â€œDid you mean â€˜school holidayâ€™?â€ |\n| **Request** | Politely seek action | â€œCan you help me find it?â€ |\n| **Thank** | Appreciate, express gratitude | â€œThanks for showing me!â€ |\n\n---\n\n## ğŸª Politeness & Impoliteness Annotation\n\nOnly annotate when a (non-)politeness act is clearly expressed.\n\n### I. Herring (1994)\n\n| Code | Meaning | Example(s) |\n|------|---------|------------|\n| **+P** | Positive politeness (support, compliments, humor, solidarity) | â€” |\n| **+N** | Negative politeness (hedging, apologies, giving options) | â€œI donâ€™t mean to sound cold, butâ€¦â€ |\n| **â€“P** | Violation of positive politeness (mocking, flaming, etc.) | (see Culpeper below) |\n| **â€“N** | Violation of negative politeness (commands, imperatives, intrusive) | â€œSo howâ€™s school, love, family life?â€ |\n\n### II. Culpeper (2011a) Impoliteness Formulae\n*(subtypes of â€“P; specify in brackets)*\n\nExamples include:\n- **â€“P [Insult]**: â€œYou fucking moronâ€\n- **â€“P [Condescension]**: â€œThatâ€™s being babyishâ€\n- **â€“P [Dismissal]**: â€œFuck offâ€\n- **â€“P [Silencer]**: â€œShut the fuck upâ€\n- **â€“P [Threat]**: â€œIâ€™m going to bust your headâ€\n- *(See full list in original)*\n\n---\n\n## ğŸ·ï¸ Meta-Acts\n\n| Tag | Description | Examples |\n|-----|-------------|----------|\n| **[reported]** | Representing another's words or thoughts | â€œThe president said he wants democracy.â€ |\n| **[nonâ€‘bona fide]** | Sarcasm, irony, rhetorical, humor, etc. | â€œHeâ€™s such a genius I canâ€™t stand it.â€ |\n\n> If the reported segment is itself meaningful for act coding, apply the act to it, not the outer clause.\n> If the utterance is sarcastic, code its intended act and add the `[nonâ€‘bona fide]` tag.\n\n---\n\n## ğŸ§  Output Format\n\nEach annotation must be returned **as a single JSON object** like:\n\n~~~\n[ANNOT]{\""act\"":\""<ACT>\"",\""politeness\"":\""<POL>\"",\""meta\"":\""<META>\""}[/ANNOT]\n~~~\n\nIf the user requests **reasoning**, you must think aloud before labeling.\nIn your reasoning:\n\n- Consider 2â€“3 possible communicative acts\n- Narrow down to the 1â€“2 most plausible labels based on **context (prior and next messages)**\n- Test each plausible option against the discourse\n- Select the best-fitting label with justification\n\nWrap your full reasoning block in:\n\n~~~\n[REASON] your reasoning here [/REASON]\n~~~\n\nPlace `[REASON]...[/REASON]` **immediately before** the `[ANNOT]` block.\n\n---\n\n## âœ… Quick Examples\n\n| Utterance | Annotation |\n|----------|------------|\n| â€œExactly this.â€ | Accept +P |\n| â€œYou are such a bitch.â€ | Reject â€“P [Insult] |\n| â€œApparently your friends want to playâ€¦â€ | Claim [reported] |\n| â€œOh yeah, because *that* makes sense.â€ | Reject â€“P [nonâ€‘bona fide] |\n\n---\n\n## ğŸš¦ Procedure\n\n1. **Read in context** â€“ Use the prior and next messages (if available) to interpret the target.\n2. **One act per utterance** â€“ Assign only one primary communicative act.\n3. **Politeness/meta-acts optional** â€“ Add tags only if clearly present.\n4. **Least frequent act preferred** â€“ When in doubt, select the rarer but fitting label.\n\n---\n\nâš ï¸ FORMAT REQUIREMENT âš ï¸\nReturn **only**:\n~~~\n[ANNOT]{\""act\"":\""<ACT>\"",\""politeness\"":\""<POL>\"",\""meta\"":\""<META>\""}[/ANNOT]\n~~~\n\nIf reasoning is requested:\n~~~\n[REASON] your reasoning here [/REASON]\n[ANNOT]{\""act\"":\""<ACT>\"",\""politeness\"":\""<POL>\"",\""meta\"":\""<META>\""}[/ANNOT]\n~~~\n\nNever include any other surrounding text.\n""}, {""role"": ""user"", ""content"": ""UserID: wyldmage, Gender: , Time: , Utterance#: 1.0\n[PREV] As someone not involved, it sounds like they wanted to play and discover the game together. Knowing you had already gone through everything and now were just kinda babysitting them probably took the wind out of their sails and made it less enjoyable. They wanted a new experience as a group, and you went and had the experience on your own. Guessing it's a bit like wanting to watch a show with a group of friends, but one of them binged it beforehand and keeps going \""Oh man, this episode is going to be awesome, you won't believe it!\"" It ruins the surprise.\n[TARGET] OP values \""playing a game with friends\"". His friends value \""exploring a game with friends\"".\n[NEXT] <NONE>\n\nThink step-by-step inside [REASON]â€¦[/REASON] before the answer.\nReturn the annotation as one JSON object wrapped EXACTLY like:\n[ANNOT]{\""act\"":\""<ACT>\"",\""politeness\"":\""<POL>\"",\""meta\"":\""<META>\""}[/ANNOT]""}]","[REASON]The target utterance is providing a comparison between the values of the OP and their friends. It's highlighting a difference in how each party perceives the gaming experience. The phrase ""OP values 'playing a game with friends'. His friends value 'exploring a game with friends'"" is essentially making an assertion about the subjective experiences and preferences of the OP and their friends. Since these are personal values and perceptions, they cannot be objectively verified. Therefore, the most appropriate label for this utterance is ""Claim"" because it involves making a subjective assertion about the differing values between the OP and their friends.[/REASON]
[ANNOT]{""act"":""Claim"",""politeness"":"""",""meta"":""""}[/ANNOT]",1747373236
